CNX NIFTY JUNIOR INDEX :December 2008,,,,,,,,,,,,,
,,,,,,,,,,,,,
Sr.no.,Security Symbol,Security Name,Industry,Equity,Market Capitalisation for December 2008,Weightage,Beta,R2,Volatility,Monthly return,Avg. Impact Cost for December 2008,,
,,,,,(Rs. crores),%,,,%,,%,,
,,,,,,,,,,,,,
1,ABIRLANUVO,Aditya Birla Nuvo Ltd.,Textiles- Synthetic," 950,067,680 "," 5,460 ",1.85%,0.86 ,0.48 ,3.83 , 19.11 ,0.25,,
2,ANDHRABANK,Andhra Bank,Banks," 4,850,000,000 "," 2,675 ",0.91%,0.89 ,0.62 ,1.93 , (0.36),0.18,,
3,APOLLOTYRE,Apollo Tyres Ltd.,Tyres," 504,024,770 "," 1,000 ",0.34%,0.70 ,0.37 ,2.55 , (5.70),0.25,,
4,ASHOKLEY,Ashok Leyland Ltd.,Automobile - 4 wheelers," 1,330,338,317 "," 1,996 ",0.68%,0.81 ,0.48 ,4.09 , 8.30 ,0.21,,
5,ASIANPAINT,Asian Paints Ltd.,Paints," 959,197,790 "," 8,584 ",2.91%,0.24 ,0.11 ,1.79 , 0.61 ,0.27,,
6,AVENTIS,Aventis Pharma Ltd.,Pharmaceuticals," 230,306,220 "," 2,226 ",0.75%,0.43 ,0.30 ,2.99 , 19.69 ,0.65,,
7,AXISBANK,Axis Bank Ltd.,Banks," 3,589,759,290 "," 18,118 ",6.13%,1.18 ,0.64 ,3.31 , 23.55 ,0.11,,
8,BANKBARODA,Bank of Baroda,Banks," 3,642,664,000 "," 10,199 ",3.45%,0.89 ,0.53 ,2.21 , 8.51 ,0.14,,
9,BANKINDIA,Bank of India,Banks," 5,251,728,000 "," 15,075 ",5.10%,0.98 ,0.52 ,2.53 , 14.48 ,0.14,,
10,BEL,Bharat Electronics Ltd.,Electronics-Industrial," 800,000,000 "," 5,995 ",2.03%,0.60 ,0.34 ,3.12 , 33.17 ,0.19,,
11,BHARATFORG,Bharat Forge Ltd.,Casting/Forging," 445,304,542 "," 1,867 ",0.63%,0.67 ,0.35 ,3.24 , (4.34),0.20,,
12,BIOCON,Biocon Ltd.,Pharmaceuticals," 1,000,000,000 "," 2,331 ",0.79%,0.63 ,0.31 ,5.33 , 31.62 ,0.25
13,DRREDDY,Dr. Reddy's Laboratories Ltd.,Pharmaceuticals," 842,003,640 "," 7,893 ",2.67%,0.33 ,0.14 ,2.39 , 9.70 ,0.14
14,CANBK,Canara Bank,Banks," 4,100,000,000 "," 7,712 ",2.61%,0.83 ,0.49 ,2.91 , 11.17 ,0.15
15,CHENNPETRO,Chennai Petroleum Corporation Ltd.,Refineries," 1,489,114,000 "," 1,910 ",0.65%,0.77 ,0.42 ,3.15 , 21.97 ,0.20
16,CONCOR,Container Corporation of India Ltd.,Travel & Transportation," 1,299,827,940 "," 8,019 ",2.71%,0.27 ,0.12 ,2.11 , 8.25 ,0.35
17,CORPBANK,Corporation Bank,Banks," 1,434,400,000 "," 2,715 ",0.92%,0.67 ,0.41 ,2.67 , 7.10 ,0.18
18,CUMMINSIND,Cummins India Ltd.,Diesel Engines," 396,000,000 "," 4,390 ",1.49%,0.55 ,0.35 ,2.15 , 5.52 ,0.27
19,GMRINFRA,GMR Infrastructure Ltd.,Construction," 3,641,316,176 "," 14,001 ",4.74%,1.30 ,0.67 ,4.02 , 43.87 ,0.19
20,HDIL,Housing Development and Infrastructure Ltd.,Construction," 2,754,926,760 "," 3,581 ",1.21%,1.74 ,0.62 ,8.01 , 69.71 ,0.12
21,IDBI,IDBI Bank Ltd.,Banks," 7,247,267,890 "," 4,906 ",1.66%,1.16 ,0.72 ,3.84 , 16.62 ,0.15
22,IDFC,Infrastructure Development Finance Co. Ltd.,Financial Institution," 12,952,170,010 "," 8,652 ",2.93%,1.33 ,0.62 ,6.55 , 27.97 ,0.15
23,IFCI,IFCI Ltd.,Financial Institution," 7,624,134,970 "," 1,647 ",0.56%,1.53 ,0.69 ,5.91 , 32.52 ,0.18
24,INDHOTEL,Indian Hotels Co. Ltd.,Hotels," 723,405,288 "," 3,266 ",1.11%,0.68 ,0.42 ,2.74 , 12.45 ,0.19
25,INGVYSYABK,ING Vysya Bank Ltd.,Banks," 1,026,040,250 "," 1,540 ",0.52%,0.64 ,0.34 ,3.78 , 11.40 ,0.68
26,IOB,Indian Overseas Bank ,Banks," 5,448,000,000 "," 3,909 ",1.32%,0.93 ,0.50 ,2.10 , 15.08 ,0.18
27,JINDALSTEL,Jindal Steel & Power Ltd.,Steel & Steel Products," 154,652,683 "," 14,093 ",4.77%,1.30 ,0.59 ,3.39 , 26.77 ,0.13
28,JPASSOCIAT,Jaiprakash Associates Ltd.,Diversified," 2,367,601,158 "," 9,820 ",3.32%,1.65 ,0.72 ,6.96 , 48.66 ,0.13
29,JSWSTEEL,JSW Steel Ltd.,Steel & Steel Products," 1,870,486,820 "," 4,286 ",1.45%,1.03 ,0.37 ,5.80 , 21.79 ,0.17
30,KOTAKBANK,Kotak Mahindra Bank Ltd.,Banks," 3,454,735,420 "," 12,351 ",4.18%,1.25 ,0.62 ,4.05 , 6.64 ,0.15
31,LICHSGFIN,LIC Housing Finance Ltd.,Finance - Housing," 849,326,000 "," 1,958 ",0.66%,1.16 ,0.56 ,5.93 , 40.85 ,0.12
32,LUPIN,Lupin Ltd.,Pharmaceuticals," 827,934,090 "," 5,115 ",1.73%,0.48 ,0.26 ,2.77 , 5.46 ,0.18
33,MCDOWELL-N,United Spirits Ltd.,Breweries," 1,001,632,560 "," 8,862 ",3.00%,0.77 ,0.30 ,3.79 , 3.99 ,0.14
34,MOSERBAER,Moser Baer India Ltd.,Computers -Hardware," 1,683,061,040 "," 1,199 ",0.41%,1.15 ,0.48 ,5.00 , 29.19 ,0.18
35,MPHASIS,Mphasis  Ltd.,Computers - Software," 2,089,248,980 "," 3,251 ",1.10%,0.74 ,0.28 ,3.18 , 2.44 ,0.34
36,MUNDRAPORT,Mundra Port and Special Economic Zone Ltd.,Travel & Transportation," 4,006,788,200 "," 13,034 ",4.41%,0.93 ,0.44 ,3.14 , 26.11 ,0.29
37,NIRMA,Nirma Ltd.,Detergents," 795,711,410 "," 1,658 ",0.56%,0.53 ,0.38 ,3.98 , 16.69 ,0.69
38,OFSS,Oracle Financial Services Software Ltd.,Computers - Software," 418,846,930 "," 3,836 ",1.30%,0.93 ,0.41 ,3.45 , 0.46 ,0.28
39,PATNI,Patni Computer Systems Ltd.,Computers - Software," 256,211,034 "," 1,657 ",0.56%,0.70 ,0.35 ,1.95 , (8.65),0.24
40,PFC,Power Finance Corporation Ltd.,Financial Institution," 11,477,667,000 "," 15,277 ",5.17%,0.93 ,0.52 ,3.35 , 20.40 ,0.22
41,RAYMOND,Raymond Ltd.,Textile Products," 613,808,530 ", 661 ,0.22%,0.59 ,0.29 ,3.75 , 32.21 ,0.30
42,RELCAPITAL,Reliance Capital Ltd.,Finance," 2,456,328,000 "," 13,307 ",4.50%,1.54 ,0.76 ,5.36 , 20.76 ,0.11
43,RNRL,Reliance Natural Resources Ltd.,Gas," 8,165,652,110 "," 9,342 ",3.16%,1.56 ,0.66 ,8.07 , 39.17 ,0.15
44,SYNDIBANK,Syndicate Bank,Banks," 5,219,682,820 "," 3,283 ",1.11%,0.81 ,0.59 ,2.06 , 16.59 ,0.21
45,TECHM,Tech Mahindra Ltd.,Computers - Software," 1,217,293,190 "," 3,012 ",1.02%,0.84 ,0.41 ,3.53 , 9.69 ,0.22
46,TTML,Tata Teleservices (Maharashtra) Ltd.,Telecommunication - Services," 18,971,905,040 "," 4,126 ",1.40%,1.08 ,0.59 ,1.51 , 10.41 ,0.14
47,ULTRACEMCO,UltraTech Cement Ltd.,Cement & Cement Products," 1,244,858,790 "," 4,799 ",1.62%,0.65 ,0.41 ,2.96 , 43.31 ,0.31
48,UNIONBANK,Union Bank of India,Banks," 5,051,179,000 "," 8,231 ",2.79%,0.89 ,0.50 ,2.35 , 9.44 ,0.16
49,VIJAYABANK,Vijaya Bank,Banks," 4,335,178,000 "," 1,457 ",0.49%,0.89 ,0.62 ,1.61 , 18.10 ,0.15
50,WOCKPHARMA,Wockhardt Ltd.,Pharmaceuticals," 547,179,515 "," 1,189 ",0.40%,0.69 ,0.45 ,3.03 , 17.08 ,0.26
,,,,," 295,471 ",100.00%,,,,,0.19
,,,,,,,,,,,
* Beta & R2 are calculated for the period 01-January-2008 to 31-December-2008,,,,,,,,,,,
,,,,,,,,,,,
* Beta measures the  degree to which any portfolio of stocks is affected as compared to the effect on the market as a whole.,,,,,,,,,,,
  ,,,,,,,,,,,
"* The coefficient of determination (R2) measures the strength of relationship between two variables, ",,,,,,,,,,,
the return on  a security versus that of the market.,,,,,,,,,,,
   ,,,,,,,,,,,
* Volatility is the Std. deviation of the daily returns for the period 01-December-2008 to 31-December-2008,,,,,,,,,,
,,,,,,,,,,
* Last day of trading was 31-December-2008,,,,,,,,,,
,,,,,,,,,,
* Impact Cost for CNX Nifty Junior is for a portfolio of Rs. 25 lakhs  ,,,,,,,,,,
,,,,,,,,,,
* Impact Cost for CNX Nifty Junior is the weightage average impact cost,,,,,,,,,,
,,,,,,,,,,
,,,,,,,,,,
,,,,,,,,,,
,,,,,,,,,,
,,,,,,,,,,
,,,,,,,,,,
,,,,,,,,,,
,,,,,,,,,,
,,,,,,,,,,
,,,,,,,,,
,,,,,,,,,
,,,,,,,,,
,,,,,,,,,
,,,,,,,,,
,,,,,,,,,
,,,,,,,,,
,,,,,,,,,
,,,,,,,,,
,,,,,,,,,
,,,,,,,,,
,,,,,,,,,
,,,,,,,,,
,,,,,,,,,
,,,,,,,,,
,,,,,,,,,
,,,,,,,,,
,,,,,,,,,
,,,,,,,,,
,,,,,,,,,
,,,,,,,,,
,,,,,,,,,
,,,,,,,,,
,,,,,,,,,
,,,,,,,,,
,,,,,,,,,
,,,,,,,,,
,,,,,,,,,
,,,,,,,,,
,,,,,,,,,
,,,,,,,,,
,,,,,,,,,
,,,,,,,,,
,,,,,,,,,
,,,,,,,,,
,,,,,,,,,
,,,,,,,,,
,,,,,,,,,
,,,,,,,,,
,,,,,,,,,
,,,,,,,,,
,,,,,,,,,
,,,,,,,,,
,,,,,,,,,
,,,,,,,,,
,,,,,,,,,
,,,,,,,,,
,,,,,,,,,
,,,,,,,,,
,,,,,,,,,
,,,,,,,,,
,,,,,,,,,
,,,,,,,,,
,,,,,,,,,
,,,,,,,,,
,,,,,,,,,
,,,,,,,,,
,,,,,,,,,
,,,,,,,,,
,,,,,,,,,
,,,,,,,,,
,,,,,,,,,
,,,,,,,,,
,,,,,,,,,
,,,,,,,,,
,,,,,,,,,
,,,,,,,,,
,,,,,,,,,
,,,,,,,,,
,,,,,,,,,
,,,,,,,,,
,,,,,,,,,
,,,,,,,,,
,,,,,,,,,
,,,,,,,,,
,,,,,,,,,
,,,,,,,,,
,,,,,,,,,
,,,,,,,,,
,,,,,,,,,
,,,,,,,,,
,,,,,,,,,
,,,,,,,,,
,,,,,,,,,
,,,,,,,,,
,,,,,,,,,
,,,,,,,,,
,,,,,,,,,
,,,,,,,,,
,,,,,,,,,
,,,,,,,,,
,,,,,,,,,
,,,,,,,,,
,,,,,,,,,
,,,,,,,,,
,,,,,,,,,
,,,,,,,,,
,,,,,,,,,
,,,,,,,,,
,,,,,,,,,
,,,,,,,,,
,,,,,,,,,
,,,,,,,,,
,,,,,,,,,
,,,,,,,,,
,,,,,,,,,
,,,,,,,,,
,,,,,,,,,
,,,,,,,,,
,,,,,,,,,
,,,,,,,,,
,,,,,,,,,
,,,,,,,,,
,,,,,,,,,
,,,,,,,,,
,,,,,,,,,
,,,,,,,,,
,,,,,,,,,
,,,,,,,,,
,,,,,,,,,
,,,,,,,,,
,,,,,,,,,
,,,,,,,,,
,,,,,,,,,
,,,,,,,,,
,,,,,,,,,
,,,,,,,,,
,,,,,,,,,
,,,,,,,,,
,,,,,,,,,
,,,,,,,,,
,,,,,,,,,
,,,,,,,,,
,,,,,,,,,
,,,,,,,,,
,,,,,,,,,
,,,,,,,,,
,,,,,,,,,
,,,,,,,,,
,,,,,,,,,
,,,,,,,,,
,,,,,,,,,
,,,,,,,,,
,,,,,,,,,
,,,,,,,,,
,,,,,,,,,
,,,,,,,,,
,,,,,,,,,
,,,,,,,,,
,,,,,,,,,
,,,,,,,,,
,,,,,,,,,
,,,,,,,,,
,,,,,,,,,
,,,,,,,,,
,,,,,,,,,
,,,,,,,,,
,,,,,,,,,
,,,,,,,,,
,,,,,,,,,
,,,,,,,,,
,,,,,,,,,
,,,,,,,,,
,,,,,,,,,
,,,,,,,,,
,,,,,,,,,
,,,,,,,,,
,,,,,,,,,
,,,,,,,,,
,,,,,,,,,
,,,,,,,,,
,,,,,,,,,
,,,,,,,,,
,,,,,,,,,
,,,,,,,,,
,,,,,,,,,
,,,,,,,,,
,,,,,,,,,
,,,,,,,,,
,,,,,,,,,
,,,,,,,,,
,,,,,,,,,
,,,,,,,,,
,,,,,,,,,
,,,,,,,,,
,,,,,,,,,
,,,,,,,,,
,,,,,,,,,
,,,,,,,,,
,,,,,,,,,
,,,,,,,,,
,,,,,,,,,
,,,,,,,,,
,,,,,,,,,
,,,,,,,,,
,,,,,,,,,
,,,,,,,,,
,,,,,,,,,
,,,,,,,,,
,,,,,,,,,
,,,,,,,,,
,,,,,,,,,
,,,,,,,,,
,,,,,,,,,
,,,,,,,,,
,,,,,,,,,
,,,,,,,,,
,,,,,,,,,
,,,,,,,,,
,,,,,,,,,
,,,,,,,,,
,,,,,,,,,
,,,,,,,,,
,,,,,,,,,
,,,,,,,,,
,,,,,,,,,
,,,,,,,,,
,,,,,,,,,
,,,,,,,,,
