S&P CNX NIFTY INDEX,,,,,,,,,,
"The S&P CNX Nifty closed at 2885.6 points on October 31, 2008 representing a decrease of 1035.60 pts points (-26.41%), as compared to 3921.2 points on September 30, 2008 . During the month of October 2008, S&P CNX Nifty touched a high of 4000.50 points on October 01, 2008 before closing at 2885.6 points on October 31, 2008 . The market capitalisation of  S&P CNX Nifty decreased from Rs.2406508 crores on September 30, 2008, to Rs.1785998 crores on October 31, 2008 i.e. a decrease of Rs.620510 crores (-26%)",,,,,,,,,,
,,,,,,,,,,
,,,,,,,,,,
,,,,,,,,,,
Sr. No,Security Symbol,Industry,Equity,Market Capitalisation for October 2008,Weightage,Beta,R2,Volatility,Monthly Return,Avg. Impact Cost October 08
,,,,(Rs. Crores),%,,,%,,%
1,ABB,Electrical Equipment,"423,816,750"," 11,530 ",0.65%,0.89 ,0.56 ,6.22 ,(31.08),0.23
2,ACC,Cement & Cement Products,"1,876,535,900"," 9,265 ",0.52%,0.62 ,0.34 ,4.42 ,(19.71),0.19
3,AMBUJACEM,Cement & Cement Products,"3,045,159,096"," 9,280 ",0.52%,0.63 ,0.34 ,6.36 ,(22.50),0.25
4,BHARTIARTL,Telecommunication - Services,"18,981,384,190"," 124,091 ",6.95%,0.83 ,0.46 ,6.09 ,(16.70),0.15
5,BHEL,Electrical Equipment,"4,895,200,000"," 63,231 ",3.54%,1.04 ,0.56 ,6.16 ,(18.82),0.14
6,BPCL,Refineries,"3,615,421,240"," 10,380 ",0.58%,0.69 ,0.22 ,4.53 ,(20.31),0.18
7,CAIRN,Oil Exploration,"18,944,297,380"," 24,438 ",1.37%,1.02 ,0.38 ,9.59 ,(39.21),0.22
8,CIPLA,Pharmaceuticals,"1,554,582,714"," 13,774 ",0.77%,0.55 ,0.36 ,4.27 ,(22.50),0.18
9,DLF,Construction,"3,409,665,360"," 37,506 ",2.10%,1.44 ,0.66 ,8.33 ,(37.62),0.17
10,RPOWER,Power,"23,968,000,000"," 24,543 ",1.37%,1.01 ,0.18 ,5.23 ,(33.20),0.16
11,GAIL,Gas,"12,684,774,000"," 27,228 ",1.52%,0.89 ,0.49 ,5.47 ,(21.20),0.22
12,GRASIM,Cement & Cement Products,"916,742,280"," 9,404 ",0.53%,0.72 ,0.46 ,5.05 ,(39.22),0.25
13,HCLTECH,Computers - Software,"1,338,527,344"," 11,572 ",0.65%,1.00 ,0.45 ,7.09 ,(11.08),0.21
14,HDFC,Finance - Housing,"2,844,401,060"," 50,195 ",2.81%,1.16 ,0.56 ,6.91 ,(17.69),0.14
15,HDFCBANK,Banks,"4,251,104,760"," 43,472 ",2.43%,1.04 ,0.56 ,5.34 ,(16.84),0.15
16,HEROHONDA,Automohiles - 2 and 3 wheelers,"399,375,000"," 14,885 ",0.83%,0.43 ,0.19 ,3.41 ,(14.55),0.11
17,HINDALCO,Aluminium,"1,700,566,605"," 10,288 ",0.58%,1.25 ,0.53 ,9.66 ,(38.42),0.17
18,HINDUNILVR,Diversified,"2,179,157,002"," 48,323 ",2.71%,0.56 ,0.32 ,4.50 ,(12.09),0.13
19,ICICIBANK,Banks,"11,127,823,930"," 44,372 ",2.48%,1.48 ,0.69 ,9.47 ,(25.54),0.15
20,IDEA,Telecommunication - Services,"31,000,952,090"," 13,191 ",0.74%,0.90 ,0.38 ,7.82 ,(43.38),0.22
21,INFOSYSTCH,Computers - Software,"2,862,499,275"," 79,517 ",4.45%,0.73 ,0.40 ,4.59 ,(0.65),0.13
22,ITC,Cigarettes,"3,770,505,400"," 58,499 ",3.28%,0.64 ,0.37 ,3.40 ,(17.50),0.15
23,LT,Engineering,"1,170,594,892"," 47,236 ",2.64%,1.04 ,0.62 ,6.10 ,(34.02),0.15
24,M&M,Automobile - 4 wheelers,"2,585,693,650"," 9,683 ",0.54%,0.91 ,0.44 ,9.42 ,(26.50),0.22
25,MARUTI,Automobile - 4 wheelers,"1,444,550,300"," 16,271 ",0.91%,0.68 ,0.37 ,4.55 ,(18.40),0.15
26,NATIONALUM,Aluminium,"6,443,096,280"," 10,264 ",0.57%,0.95 ,0.26 ,8.53 ,(57.04),0.33
27,NTPC,Power,"82,454,644,000"," 116,344 ",6.51%,1.00 ,0.62 ,4.69 ,(17.92),0.17
28,ONGC,Oil Exploration,"21,388,725,300"," 143,112 ",8.01%,0.91 ,0.58 ,4.50 ,(35.30),0.18
29,PNB,Banks,"3,153,025,000"," 13,265 ",0.74%,0.97 ,0.53 ,4.49 ,(11.42),0.15
30,POWERGRID,Power,"42,088,412,300"," 29,399 ",1.65%,1.07 ,0.59 ,5.26 ,(18.59),0.20
31,RANBAXY,Pharmaceuticals,"1,870,558,450"," 6,313 ",0.35%,0.61 ,0.18 ,6.76 ,(31.71),0.18
32,RCOM,Telecommunication - Services,"10,320,134,405"," 45,398 ",2.54%,1.34 ,0.59 ,10.56 ,(34.06),0.19
33,RELINFRA,Power,"2,308,702,620"," 10,562 ",0.59%,1.73 ,0.71 ,9.42 ,(42.11),0.15
34,RELIANCE,Refineries,"15,737,875,560"," 216,467 ",12.12%,1.14 ,0.76 ,7.40 ,(29.44),0.13
35,RPL,Refineries,"45,000,000,000"," 38,858 ",2.18%,1.15 ,0.56 ,5.97 ,(39.83),0.15
36,SAIL,Steel & Steel Products,"41,304,005,450"," 34,943 ",1.96%,1.12 ,0.52 ,6.16 ,(33.75),0.21
37,SATYAMCOMP,Computers - Software,"1,347,228,156"," 20,522 ",1.15%,0.77 ,0.35 ,5.81 ,2.28 ,0.16
38,SBIN,Banks,"6,348,802,220"," 70,453 ",3.94%,0.98 ,0.56 ,5.68 ,(24.17),0.13
39,SIEMENS,Electrical Equipment,"674,320,400"," 8,926 ",0.50%,0.93 ,0.48 ,5.92 ,(33.66),0.22
40,STER,Metals,"1,416,971,700"," 20,114 ",1.13%,1.21 ,0.50 ,9.36 ,(33.78),0.21
41,SUNPHARMA,Pharmaceuticals,"1,035,581,955"," 23,161 ",1.30%,0.37 ,0.12 ,4.44 ,(24.61),0.18
42,SUZLON,Electrical Equipment,"2,996,590,800"," 6,652 ",0.37%,1.39 ,0.49 ,11.80 ,(70.81),0.20
43,TATACOMM,Telecommunication - Services,"2,850,000,000"," 13,821 ",0.77%,1.11 ,0.44 ,8.12 ,2.67 ,0.20
44,TATAMOTORS,Automobile - 4 wheelers,"4,499,331,420"," 7,629 ",0.43%,0.89 ,0.49 ,7.18 ,(50.70),0.17
45,TATAPOWER,Power,"2,213,877,340"," 15,267 ",0.85%,1.14 ,0.50 ,6.99 ,(23.98),0.18
46,TATASTEEL,Steel & Steel Products,"7,307,674,270"," 15,328 ",0.86%,1.21 ,0.59 ,8.88 ,(50.90),0.15
47,TCS,Computers - Software,"978,610,498"," 52,600 ",2.95%,0.92 ,0.49 ,6.85 ,(19.25),0.18
48,UNITECH,Construction,"3,246,750,000"," 7,857 ",0.44%,1.74 ,0.50 ,16.63 ,(58.56),0.20
49,WIPRO,Computers - Software,"2,926,006,416"," 39,889 ",2.23%,0.95 ,0.50 ,6.96 ,(19.79),0.25
50,ZEEL,Media & Entertainment,"434,007,111"," 6,679 ",0.37%,0.70 ,0.34 ,6.35 ,(21.68),0.22
,,,,,,,,,,
,,,," 1,785,998 ",100.00%,,,,,0.16
,,,,,,,,,,
* Beta & R2 are calculated for the period 01-November-2007 to 31-October-2008,,,,,,,,,,
,,,,,,,,,,
* Beta measures the  degree to which any portfolio of stocks is affected as compared to the effect,,,,,,,,,,
  on the market as a whole.,,,,,,,,,,
,,,,,,,
* The coefficient of determination (R2) measures the strength of relationship between two variables,,,,,,,
   the return on  a security versus that of the market.,,,,,,,
,,,,,,,
* Volatility is the Std. deviation of the daily returns for the period 01-October-2008 to 31-October-2008,,,,,,,
,,,,,,,
* Last day of trading was 31 October-2008,,,,,,,
,,,,,,,
* Impact Cost for S&P CNX Nifty is for a portfolio of Rs. 50 Lakhs  ,,,,,,,
,,,,,,,
* Impact Cost for S&P CNX Nifty is the weightage average impact cost,,,,,,,
,,,,,,,
,,,,,,,
,,,,,,,
,,,,,,,
,,,,,,,
,,,,,,,
,,,,,,,
